<?xml version="1.0"?>
<collection shelf="New Arrivals">
  <movie title="Enemy Behind">
    <type>War,Thriller</type>
    <format>DVD</format>
    <year>2003</year>
    <rating>PG</rating>
    <stars>10</stars>
    <description>Talk about a US-Japan war</description>
  </movie>
  <movie title="Transformers">
    <type>Anime,Science Fiction</type>
    <format>DVD</format>
    <year>1989</year>
    <rating>R</rating>
    <stars>9</stars>
    <description>A scientific fiction</description>
  </movie>
  <movie title="Trigun">
    <type>Anime,Action</type>
    <format>DVD</format>
    <year/>
    <rating>PG</rating>
    <stars>10</stars>
    <description>Vash the Stampede</description>
  </movie>
  <movie title="Ishtar">
    <type>Comedy</type>
    <format>VHS</format>
    <year/>
    <rating>PG</rating>
    <stars>2</stars>
    <description>Viewable boredome</description>
  </movie><movie title="Spirited Away">
    <type>Anime,Fantasy</type>
    <format>DVD</format>
    <year>2001</year>
    <rating>PG</rating>
    <stars>10</stars>
    <description>Girl on an adventure</description>
  </movie><movie title="Mirai">
    <type>Anime,Science Fiction</type>
    <format>Netflix</format>
    <year>2018</year>
    <rating>PG</rating>
    <stars>9</stars>
    <description>Children and spirits</description>
  </movie><movie title="Ride Your Wave">
    <type>Anime,Romantic Comedy</type>
    <format>Netflix</format>
    <year>2019</year>
    <rating/>
    <stars>8</stars>
    <description>Finding direction in life</description>
  </movie>
</collection>
