<collection shelf="New Arrivals">
  <movie title="Spirited Away">
    <type>Anime,Fantasy</type>
    <format>DVD</format>
    <year>2001</year>
    <rating>PG</rating>
    <stars>10</stars>
    <description>Girl on an adventure</description>
  </movie>
  <movie title="Mirai">
    <type>Anime,Science Fiction</type>
    <format>Netflix</format>
    <year>2018</year>
    <rating>PG</rating>
    <stars>9</stars>
    <description>Children and spirits</description>
  </movie>
  <movie title="Ride Your Wave">
    <type>Anime,Romantic Comedy</type>
    <format>Netflix</format>
    <year>2019</year>
    <rating></rating>
    <stars>8</stars>
    <description>Finding direction in life</description>
  </movie>
</collection>
